Time,__name__,c,container,endpoint,instance,job,namespace,pod,service,Value
2023-11-06 17:31:30,request_timer_sum,0,helm-chart,http,10.244.0.11:8080,gogrpctest-helm-chart,monitoring,gogrpctest-helm-chart-8568c96584-xxhrr,gogrpctest-helm-chart,447
2023-11-06 17:31:30,request_timer_sum,1,helm-chart,http,10.244.0.11:8080,gogrpctest-helm-chart,monitoring,gogrpctest-helm-chart-8568c96584-xxhrr,gogrpctest-helm-chart,545
2023-11-06 17:31:30,request_timer_sum,10,helm-chart,http,10.244.0.11:8080,gogrpctest-helm-chart,monitoring,gogrpctest-helm-chart-8568c96584-xxhrr,gogrpctest-helm-chart,449
2023-11-06 17:31:30,request_timer_sum,100,helm-chart,http,10.244.0.11:8080,gogrpctest-helm-chart,monitoring,gogrpctest-helm-chart-8568c96584-xxhrr,gogrpctest-helm-chart,434
2023-11-06 17:31:30,request_timer_sum,101,helm-chart,http,10.244.0.11:8080,gogrpctest-helm-chart,monitoring,gogrpctest-helm-chart-8568c96584-xxhrr,gogrpctest-helm-chart,443
2023-11-06 17:31:30,request_timer_sum,102,helm-chart,http,10.244.0.11:8080,gogrpctest-helm-chart,monitoring,gogrpctest-helm-chart-8568c96584-xxhrr,gogrpctest-helm-chart,453
2023-11-06 17:31:30,request_timer_sum,103,helm-chart,http,10.244.0.11:8080,gogrpctest-helm-chart,monitoring,gogrpctest-helm-chart-8568c96584-xxhrr,gogrpctest-helm-chart,455
2023-11-06 17:31:30,request_timer_sum,104,helm-chart,http,10.244.0.11:8080,gogrpctest-helm-chart,monitoring,gogrpctest-helm-chart-8568c96584-xxhrr,gogrpctest-helm-chart,431
2023-11-06 17:31:30,request_timer_sum,105,helm-chart,http,10.244.0.11:8080,gogrpctest-helm-chart,monitoring,gogrpctest-helm-chart-8568c96584-xxhrr,gogrpctest-helm-chart,433
2023-11-06 17:31:30,request_timer_sum,106,helm-chart,http,10.244.0.11:8080,gogrpctest-helm-chart,monitoring,gogrpctest-helm-chart-8568c96584-xxhrr,gogrpctest-helm-chart,483
2023-11-06 17:31:30,request_timer_sum,107,helm-chart,http,10.244.0.11:8080,gogrpctest-helm-chart,monitoring,gogrpctest-helm-chart-8568c96584-xxhrr,gogrpctest-helm-chart,448
2023-11-06 17:31:30,request_timer_sum,108,helm-chart,http,10.244.0.11:8080,gogrpctest-helm-chart,monitoring,gogrpctest-helm-chart-8568c96584-xxhrr,gogrpctest-helm-chart,426
2023-11-06 17:31:30,request_timer_sum,109,helm-chart,http,10.244.0.11:8080,gogrpctest-helm-chart,monitoring,gogrpctest-helm-chart-8568c96584-xxhrr,gogrpctest-helm-chart,458
2023-11-06 17:31:30,request_timer_sum,11,helm-chart,http,10.244.0.11:8080,gogrpctest-helm-chart,monitoring,gogrpctest-helm-chart-8568c96584-xxhrr,gogrpctest-helm-chart,435
2023-11-06 17:31:30,request_timer_sum,110,helm-chart,http,10.244.0.11:8080,gogrpctest-helm-chart,monitoring,gogrpctest-helm-chart-8568c96584-xxhrr,gogrpctest-helm-chart,447
2023-11-06 17:31:30,request_timer_sum,111,helm-chart,http,10.244.0.11:8080,gogrpctest-helm-chart,monitoring,gogrpctest-helm-chart-8568c96584-xxhrr,gogrpctest-helm-chart,439
2023-11-06 17:31:30,request_timer_sum,112,helm-chart,http,10.244.0.11:8080,gogrpctest-helm-chart,monitoring,gogrpctest-helm-chart-8568c96584-xxhrr,gogrpctest-helm-chart,436
2023-11-06 17:31:30,request_timer_sum,113,helm-chart,http,10.244.0.11:8080,gogrpctest-helm-chart,monitoring,gogrpctest-helm-chart-8568c96584-xxhrr,gogrpctest-helm-chart,515
2023-11-06 17:31:30,request_timer_sum,114,helm-chart,http,10.244.0.11:8080,gogrpctest-helm-chart,monitoring,gogrpctest-helm-chart-8568c96584-xxhrr,gogrpctest-helm-chart,457
2023-11-06 17:31:30,request_timer_sum,115,helm-chart,http,10.244.0.11:8080,gogrpctest-helm-chart,monitoring,gogrpctest-helm-chart-8568c96584-xxhrr,gogrpctest-helm-chart,441
2023-11-06 17:31:30,request_timer_sum,116,helm-chart,http,10.244.0.11:8080,gogrpctest-helm-chart,monitoring,gogrpctest-helm-chart-8568c96584-xxhrr,gogrpctest-helm-chart,427
2023-11-06 17:31:30,request_timer_sum,117,helm-chart,http,10.244.0.11:8080,gogrpctest-helm-chart,monitoring,gogrpctest-helm-chart-8568c96584-xxhrr,gogrpctest-helm-chart,453
2023-11-06 17:31:30,request_timer_sum,118,helm-chart,http,10.244.0.11:8080,gogrpctest-helm-chart,monitoring,gogrpctest-helm-chart-8568c96584-xxhrr,gogrpctest-helm-chart,493
2023-11-06 17:31:30,request_timer_sum,119,helm-chart,http,10.244.0.11:8080,gogrpctest-helm-chart,monitoring,gogrpctest-helm-chart-8568c96584-xxhrr,gogrpctest-helm-chart,431
2023-11-06 17:31:30,request_timer_sum,12,helm-chart,http,10.244.0.11:8080,gogrpctest-helm-chart,monitoring,gogrpctest-helm-chart-8568c96584-xxhrr,gogrpctest-helm-chart,440
2023-11-06 17:31:30,request_timer_sum,120,helm-chart,http,10.244.0.11:8080,gogrpctest-helm-chart,monitoring,gogrpctest-helm-chart-8568c96584-xxhrr,gogrpctest-helm-chart,426
2023-11-06 17:31:30,request_timer_sum,121,helm-chart,http,10.244.0.11:8080,gogrpctest-helm-chart,monitoring,gogrpctest-helm-chart-8568c96584-xxhrr,gogrpctest-helm-chart,512
2023-11-06 17:31:30,request_timer_sum,122,helm-chart,http,10.244.0.11:8080,gogrpctest-helm-chart,monitoring,gogrpctest-helm-chart-8568c96584-xxhrr,gogrpctest-helm-chart,448
2023-11-06 17:31:30,request_timer_sum,123,helm-chart,http,10.244.0.11:8080,gogrpctest-helm-chart,monitoring,gogrpctest-helm-chart-8568c96584-xxhrr,gogrpctest-helm-chart,434
2023-11-06 17:31:30,request_timer_sum,124,helm-chart,http,10.244.0.11:8080,gogrpctest-helm-chart,monitoring,gogrpctest-helm-chart-8568c96584-xxhrr,gogrpctest-helm-chart,467
2023-11-06 17:31:30,request_timer_sum,125,helm-chart,http,10.244.0.11:8080,gogrpctest-helm-chart,monitoring,gogrpctest-helm-chart-8568c96584-xxhrr,gogrpctest-helm-chart,442
2023-11-06 17:31:30,request_timer_sum,126,helm-chart,http,10.244.0.11:8080,gogrpctest-helm-chart,monitoring,gogrpctest-helm-chart-8568c96584-xxhrr,gogrpctest-helm-chart,442
2023-11-06 17:31:30,request_timer_sum,127,helm-chart,http,10.244.0.11:8080,gogrpctest-helm-chart,monitoring,gogrpctest-helm-chart-8568c96584-xxhrr,gogrpctest-helm-chart,445
2023-11-06 17:31:30,request_timer_sum,128,helm-chart,http,10.244.0.11:8080,gogrpctest-helm-chart,monitoring,gogrpctest-helm-chart-8568c96584-xxhrr,gogrpctest-helm-chart,488
2023-11-06 17:31:30,request_timer_sum,129,helm-chart,http,10.244.0.11:8080,gogrpctest-helm-chart,monitoring,gogrpctest-helm-chart-8568c96584-xxhrr,gogrpctest-helm-chart,434
2023-11-06 17:31:30,request_timer_sum,13,helm-chart,http,10.244.0.11:8080,gogrpctest-helm-chart,monitoring,gogrpctest-helm-chart-8568c96584-xxhrr,gogrpctest-helm-chart,433
2023-11-06 17:31:30,request_timer_sum,130,helm-chart,http,10.244.0.11:8080,gogrpctest-helm-chart,monitoring,gogrpctest-helm-chart-8568c96584-xxhrr,gogrpctest-helm-chart,444
2023-11-06 17:31:30,request_timer_sum,131,helm-chart,http,10.244.0.11:8080,gogrpctest-helm-chart,monitoring,gogrpctest-helm-chart-8568c96584-xxhrr,gogrpctest-helm-chart,470
2023-11-06 17:31:30,request_timer_sum,132,helm-chart,http,10.244.0.11:8080,gogrpctest-helm-chart,monitoring,gogrpctest-helm-chart-8568c96584-xxhrr,gogrpctest-helm-chart,487
2023-11-06 17:31:30,request_timer_sum,133,helm-chart,http,10.244.0.11:8080,gogrpctest-helm-chart,monitoring,gogrpctest-helm-chart-8568c96584-xxhrr,gogrpctest-helm-chart,469
2023-11-06 17:31:30,request_timer_sum,134,helm-chart,http,10.244.0.11:8080,gogrpctest-helm-chart,monitoring,gogrpctest-helm-chart-8568c96584-xxhrr,gogrpctest-helm-chart,438
2023-11-06 17:31:30,request_timer_sum,135,helm-chart,http,10.244.0.11:8080,gogrpctest-helm-chart,monitoring,gogrpctest-helm-chart-8568c96584-xxhrr,gogrpctest-helm-chart,432
2023-11-06 17:31:30,request_timer_sum,136,helm-chart,http,10.244.0.11:8080,gogrpctest-helm-chart,monitoring,gogrpctest-helm-chart-8568c96584-xxhrr,gogrpctest-helm-chart,502
2023-11-06 17:31:30,request_timer_sum,137,helm-chart,http,10.244.0.11:8080,gogrpctest-helm-chart,monitoring,gogrpctest-helm-chart-8568c96584-xxhrr,gogrpctest-helm-chart,446
2023-11-06 17:31:30,request_timer_sum,138,helm-chart,http,10.244.0.11:8080,gogrpctest-helm-chart,monitoring,gogrpctest-helm-chart-8568c96584-xxhrr,gogrpctest-helm-chart,436
2023-11-06 17:31:30,request_timer_sum,139,helm-chart,http,10.244.0.11:8080,gogrpctest-helm-chart,monitoring,gogrpctest-helm-chart-8568c96584-xxhrr,gogrpctest-helm-chart,432
2023-11-06 17:31:30,request_timer_sum,14,helm-chart,http,10.244.0.11:8080,gogrpctest-helm-chart,monitoring,gogrpctest-helm-chart-8568c96584-xxhrr,gogrpctest-helm-chart,499
2023-11-06 17:31:30,request_timer_sum,140,helm-chart,http,10.244.0.11:8080,gogrpctest-helm-chart,monitoring,gogrpctest-helm-chart-8568c96584-xxhrr,gogrpctest-helm-chart,492
2023-11-06 17:31:30,request_timer_sum,141,helm-chart,http,10.244.0.11:8080,gogrpctest-helm-chart,monitoring,gogrpctest-helm-chart-8568c96584-xxhrr,gogrpctest-helm-chart,464
2023-11-06 17:31:30,request_timer_sum,142,helm-chart,http,10.244.0.11:8080,gogrpctest-helm-chart,monitoring,gogrpctest-helm-chart-8568c96584-xxhrr,gogrpctest-helm-chart,487
2023-11-06 17:31:30,request_timer_sum,143,helm-chart,http,10.244.0.11:8080,gogrpctest-helm-chart,monitoring,gogrpctest-helm-chart-8568c96584-xxhrr,gogrpctest-helm-chart,488
2023-11-06 17:31:30,request_timer_sum,144,helm-chart,http,10.244.0.11:8080,gogrpctest-helm-chart,monitoring,gogrpctest-helm-chart-8568c96584-xxhrr,gogrpctest-helm-chart,452
2023-11-06 17:31:30,request_timer_sum,145,helm-chart,http,10.244.0.11:8080,gogrpctest-helm-chart,monitoring,gogrpctest-helm-chart-8568c96584-xxhrr,gogrpctest-helm-chart,458
2023-11-06 17:31:30,request_timer_sum,146,helm-chart,http,10.244.0.11:8080,gogrpctest-helm-chart,monitoring,gogrpctest-helm-chart-8568c96584-xxhrr,gogrpctest-helm-chart,428
2023-11-06 17:31:30,request_timer_sum,147,helm-chart,http,10.244.0.11:8080,gogrpctest-helm-chart,monitoring,gogrpctest-helm-chart-8568c96584-xxhrr,gogrpctest-helm-chart,421
2023-11-06 17:31:30,request_timer_sum,148,helm-chart,http,10.244.0.11:8080,gogrpctest-helm-chart,monitoring,gogrpctest-helm-chart-8568c96584-xxhrr,gogrpctest-helm-chart,481
2023-11-06 17:31:30,request_timer_sum,149,helm-chart,http,10.244.0.11:8080,gogrpctest-helm-chart,monitoring,gogrpctest-helm-chart-8568c96584-xxhrr,gogrpctest-helm-chart,439
2023-11-06 17:31:30,request_timer_sum,15,helm-chart,http,10.244.0.11:8080,gogrpctest-helm-chart,monitoring,gogrpctest-helm-chart-8568c96584-xxhrr,gogrpctest-helm-chart,451
2023-11-06 17:31:30,request_timer_sum,150,helm-chart,http,10.244.0.11:8080,gogrpctest-helm-chart,monitoring,gogrpctest-helm-chart-8568c96584-xxhrr,gogrpctest-helm-chart,439
2023-11-06 17:31:30,request_timer_sum,151,helm-chart,http,10.244.0.11:8080,gogrpctest-helm-chart,monitoring,gogrpctest-helm-chart-8568c96584-xxhrr,gogrpctest-helm-chart,518
2023-11-06 17:31:30,request_timer_sum,152,helm-chart,http,10.244.0.11:8080,gogrpctest-helm-chart,monitoring,gogrpctest-helm-chart-8568c96584-xxhrr,gogrpctest-helm-chart,452
2023-11-06 17:31:30,request_timer_sum,153,helm-chart,http,10.244.0.11:8080,gogrpctest-helm-chart,monitoring,gogrpctest-helm-chart-8568c96584-xxhrr,gogrpctest-helm-chart,462
2023-11-06 17:31:30,request_timer_sum,154,helm-chart,http,10.244.0.11:8080,gogrpctest-helm-chart,monitoring,gogrpctest-helm-chart-8568c96584-xxhrr,gogrpctest-helm-chart,487
2023-11-06 17:31:30,request_timer_sum,155,helm-chart,http,10.244.0.11:8080,gogrpctest-helm-chart,monitoring,gogrpctest-helm-chart-8568c96584-xxhrr,gogrpctest-helm-chart,481
2023-11-06 17:31:30,request_timer_sum,156,helm-chart,http,10.244.0.11:8080,gogrpctest-helm-chart,monitoring,gogrpctest-helm-chart-8568c96584-xxhrr,gogrpctest-helm-chart,477
2023-11-06 17:31:30,request_timer_sum,157,helm-chart,http,10.244.0.11:8080,gogrpctest-helm-chart,monitoring,gogrpctest-helm-chart-8568c96584-xxhrr,gogrpctest-helm-chart,450
2023-11-06 17:31:30,request_timer_sum,158,helm-chart,http,10.244.0.11:8080,gogrpctest-helm-chart,monitoring,gogrpctest-helm-chart-8568c96584-xxhrr,gogrpctest-helm-chart,487
2023-11-06 17:31:30,request_timer_sum,159,helm-chart,http,10.244.0.11:8080,gogrpctest-helm-chart,monitoring,gogrpctest-helm-chart-8568c96584-xxhrr,gogrpctest-helm-chart,449
2023-11-06 17:31:30,request_timer_sum,16,helm-chart,http,10.244.0.11:8080,gogrpctest-helm-chart,monitoring,gogrpctest-helm-chart-8568c96584-xxhrr,gogrpctest-helm-chart,488
2023-11-06 17:31:30,request_timer_sum,160,helm-chart,http,10.244.0.11:8080,gogrpctest-helm-chart,monitoring,gogrpctest-helm-chart-8568c96584-xxhrr,gogrpctest-helm-chart,439
2023-11-06 17:31:30,request_timer_sum,161,helm-chart,http,10.244.0.11:8080,gogrpctest-helm-chart,monitoring,gogrpctest-helm-chart-8568c96584-xxhrr,gogrpctest-helm-chart,438
2023-11-06 17:31:30,request_timer_sum,162,helm-chart,http,10.244.0.11:8080,gogrpctest-helm-chart,monitoring,gogrpctest-helm-chart-8568c96584-xxhrr,gogrpctest-helm-chart,488
2023-11-06 17:31:30,request_timer_sum,163,helm-chart,http,10.244.0.11:8080,gogrpctest-helm-chart,monitoring,gogrpctest-helm-chart-8568c96584-xxhrr,gogrpctest-helm-chart,454
2023-11-06 17:31:30,request_timer_sum,164,helm-chart,http,10.244.0.11:8080,gogrpctest-helm-chart,monitoring,gogrpctest-helm-chart-8568c96584-xxhrr,gogrpctest-helm-chart,454
2023-11-06 17:31:30,request_timer_sum,165,helm-chart,http,10.244.0.11:8080,gogrpctest-helm-chart,monitoring,gogrpctest-helm-chart-8568c96584-xxhrr,gogrpctest-helm-chart,432
2023-11-06 17:31:30,request_timer_sum,166,helm-chart,http,10.244.0.11:8080,gogrpctest-helm-chart,monitoring,gogrpctest-helm-chart-8568c96584-xxhrr,gogrpctest-helm-chart,496
2023-11-06 17:31:30,request_timer_sum,167,helm-chart,http,10.244.0.11:8080,gogrpctest-helm-chart,monitoring,gogrpctest-helm-chart-8568c96584-xxhrr,gogrpctest-helm-chart,453
2023-11-06 17:31:30,request_timer_sum,168,helm-chart,http,10.244.0.11:8080,gogrpctest-helm-chart,monitoring,gogrpctest-helm-chart-8568c96584-xxhrr,gogrpctest-helm-chart,432
2023-11-06 17:31:30,request_timer_sum,169,helm-chart,http,10.244.0.11:8080,gogrpctest-helm-chart,monitoring,gogrpctest-helm-chart-8568c96584-xxhrr,gogrpctest-helm-chart,448
2023-11-06 17:31:30,request_timer_sum,17,helm-chart,http,10.244.0.11:8080,gogrpctest-helm-chart,monitoring,gogrpctest-helm-chart-8568c96584-xxhrr,gogrpctest-helm-chart,440
2023-11-06 17:31:30,request_timer_sum,170,helm-chart,http,10.244.0.11:8080,gogrpctest-helm-chart,monitoring,gogrpctest-helm-chart-8568c96584-xxhrr,gogrpctest-helm-chart,466
2023-11-06 17:31:30,request_timer_sum,171,helm-chart,http,10.244.0.11:8080,gogrpctest-helm-chart,monitoring,gogrpctest-helm-chart-8568c96584-xxhrr,gogrpctest-helm-chart,454
2023-11-06 17:31:30,request_timer_sum,172,helm-chart,http,10.244.0.11:8080,gogrpctest-helm-chart,monitoring,gogrpctest-helm-chart-8568c96584-xxhrr,gogrpctest-helm-chart,488
2023-11-06 17:31:30,request_timer_sum,173,helm-chart,http,10.244.0.11:8080,gogrpctest-helm-chart,monitoring,gogrpctest-helm-chart-8568c96584-xxhrr,gogrpctest-helm-chart,516
2023-11-06 17:31:30,request_timer_sum,174,helm-chart,http,10.244.0.11:8080,gogrpctest-helm-chart,monitoring,gogrpctest-helm-chart-8568c96584-xxhrr,gogrpctest-helm-chart,421
2023-11-06 17:31:30,request_timer_sum,175,helm-chart,http,10.244.0.11:8080,gogrpctest-helm-chart,monitoring,gogrpctest-helm-chart-8568c96584-xxhrr,gogrpctest-helm-chart,461
2023-11-06 17:31:30,request_timer_sum,176,helm-chart,http,10.244.0.11:8080,gogrpctest-helm-chart,monitoring,gogrpctest-helm-chart-8568c96584-xxhrr,gogrpctest-helm-chart,452
2023-11-06 17:31:30,request_timer_sum,177,helm-chart,http,10.244.0.11:8080,gogrpctest-helm-chart,monitoring,gogrpctest-helm-chart-8568c96584-xxhrr,gogrpctest-helm-chart,501
2023-11-06 17:31:30,request_timer_sum,178,helm-chart,http,10.244.0.11:8080,gogrpctest-helm-chart,monitoring,gogrpctest-helm-chart-8568c96584-xxhrr,gogrpctest-helm-chart,454
2023-11-06 17:31:30,request_timer_sum,179,helm-chart,http,10.244.0.11:8080,gogrpctest-helm-chart,monitoring,gogrpctest-helm-chart-8568c96584-xxhrr,gogrpctest-helm-chart,445
2023-11-06 17:31:30,request_timer_sum,18,helm-chart,http,10.244.0.11:8080,gogrpctest-helm-chart,monitoring,gogrpctest-helm-chart-8568c96584-xxhrr,gogrpctest-helm-chart,483
2023-11-06 17:31:30,request_timer_sum,180,helm-chart,http,10.244.0.11:8080,gogrpctest-helm-chart,monitoring,gogrpctest-helm-chart-8568c96584-xxhrr,gogrpctest-helm-chart,428
2023-11-06 17:31:30,request_timer_sum,181,helm-chart,http,10.244.0.11:8080,gogrpctest-helm-chart,monitoring,gogrpctest-helm-chart-8568c96584-xxhrr,gogrpctest-helm-chart,485
2023-11-06 17:31:30,request_timer_sum,182,helm-chart,http,10.244.0.11:8080,gogrpctest-helm-chart,monitoring,gogrpctest-helm-chart-8568c96584-xxhrr,gogrpctest-helm-chart,446
2023-11-06 17:31:30,request_timer_sum,183,helm-chart,http,10.244.0.11:8080,gogrpctest-helm-chart,monitoring,gogrpctest-helm-chart-8568c96584-xxhrr,gogrpctest-helm-chart,455
2023-11-06 17:31:30,request_timer_sum,184,helm-chart,http,10.244.0.11:8080,gogrpctest-helm-chart,monitoring,gogrpctest-helm-chart-8568c96584-xxhrr,gogrpctest-helm-chart,451
2023-11-06 17:31:30,request_timer_sum,185,helm-chart,http,10.244.0.11:8080,gogrpctest-helm-chart,monitoring,gogrpctest-helm-chart-8568c96584-xxhrr,gogrpctest-helm-chart,498
2023-11-06 17:31:30,request_timer_sum,186,helm-chart,http,10.244.0.11:8080,gogrpctest-helm-chart,monitoring,gogrpctest-helm-chart-8568c96584-xxhrr,gogrpctest-helm-chart,433
2023-11-06 17:31:30,request_timer_sum,187,helm-chart,http,10.244.0.11:8080,gogrpctest-helm-chart,monitoring,gogrpctest-helm-chart-8568c96584-xxhrr,gogrpctest-helm-chart,434
2023-11-06 17:31:30,request_timer_sum,188,helm-chart,http,10.244.0.11:8080,gogrpctest-helm-chart,monitoring,gogrpctest-helm-chart-8568c96584-xxhrr,gogrpctest-helm-chart,484
2023-11-06 17:31:30,request_timer_sum,189,helm-chart,http,10.244.0.11:8080,gogrpctest-helm-chart,monitoring,gogrpctest-helm-chart-8568c96584-xxhrr,gogrpctest-helm-chart,448
2023-11-06 17:31:30,request_timer_sum,19,helm-chart,http,10.244.0.11:8080,gogrpctest-helm-chart,monitoring,gogrpctest-helm-chart-8568c96584-xxhrr,gogrpctest-helm-chart,435
2023-11-06 17:31:30,request_timer_sum,190,helm-chart,http,10.244.0.11:8080,gogrpctest-helm-chart,monitoring,gogrpctest-helm-chart-8568c96584-xxhrr,gogrpctest-helm-chart,473
2023-11-06 17:31:30,request_timer_sum,191,helm-chart,http,10.244.0.11:8080,gogrpctest-helm-chart,monitoring,gogrpctest-helm-chart-8568c96584-xxhrr,gogrpctest-helm-chart,432
2023-11-06 17:31:30,request_timer_sum,192,helm-chart,http,10.244.0.11:8080,gogrpctest-helm-chart,monitoring,gogrpctest-helm-chart-8568c96584-xxhrr,gogrpctest-helm-chart,459
2023-11-06 17:31:30,request_timer_sum,193,helm-chart,http,10.244.0.11:8080,gogrpctest-helm-chart,monitoring,gogrpctest-helm-chart-8568c96584-xxhrr,gogrpctest-helm-chart,430
2023-11-06 17:31:30,request_timer_sum,194,helm-chart,http,10.244.0.11:8080,gogrpctest-helm-chart,monitoring,gogrpctest-helm-chart-8568c96584-xxhrr,gogrpctest-helm-chart,520
2023-11-06 17:31:30,request_timer_sum,195,helm-chart,http,10.244.0.11:8080,gogrpctest-helm-chart,monitoring,gogrpctest-helm-chart-8568c96584-xxhrr,gogrpctest-helm-chart,429
2023-11-06 17:31:30,request_timer_sum,196,helm-chart,http,10.244.0.11:8080,gogrpctest-helm-chart,monitoring,gogrpctest-helm-chart-8568c96584-xxhrr,gogrpctest-helm-chart,469
2023-11-06 17:31:30,request_timer_sum,197,helm-chart,http,10.244.0.11:8080,gogrpctest-helm-chart,monitoring,gogrpctest-helm-chart-8568c96584-xxhrr,gogrpctest-helm-chart,438
2023-11-06 17:31:30,request_timer_sum,198,helm-chart,http,10.244.0.11:8080,gogrpctest-helm-chart,monitoring,gogrpctest-helm-chart-8568c96584-xxhrr,gogrpctest-helm-chart,446
2023-11-06 17:31:30,request_timer_sum,199,helm-chart,http,10.244.0.11:8080,gogrpctest-helm-chart,monitoring,gogrpctest-helm-chart-8568c96584-xxhrr,gogrpctest-helm-chart,439
2023-11-06 17:31:30,request_timer_sum,2,helm-chart,http,10.244.0.11:8080,gogrpctest-helm-chart,monitoring,gogrpctest-helm-chart-8568c96584-xxhrr,gogrpctest-helm-chart,435
2023-11-06 17:31:30,request_timer_sum,20,helm-chart,http,10.244.0.11:8080,gogrpctest-helm-chart,monitoring,gogrpctest-helm-chart-8568c96584-xxhrr,gogrpctest-helm-chart,439
2023-11-06 17:31:30,request_timer_sum,200,helm-chart,http,10.244.0.11:8080,gogrpctest-helm-chart,monitoring,gogrpctest-helm-chart-8568c96584-xxhrr,gogrpctest-helm-chart,475
2023-11-06 17:31:30,request_timer_sum,201,helm-chart,http,10.244.0.11:8080,gogrpctest-helm-chart,monitoring,gogrpctest-helm-chart-8568c96584-xxhrr,gogrpctest-helm-chart,442
2023-11-06 17:31:30,request_timer_sum,202,helm-chart,http,10.244.0.11:8080,gogrpctest-helm-chart,monitoring,gogrpctest-helm-chart-8568c96584-xxhrr,gogrpctest-helm-chart,439
2023-11-06 17:31:30,request_timer_sum,203,helm-chart,http,10.244.0.11:8080,gogrpctest-helm-chart,monitoring,gogrpctest-helm-chart-8568c96584-xxhrr,gogrpctest-helm-chart,513
2023-11-06 17:31:30,request_timer_sum,204,helm-chart,http,10.244.0.11:8080,gogrpctest-helm-chart,monitoring,gogrpctest-helm-chart-8568c96584-xxhrr,gogrpctest-helm-chart,461
2023-11-06 17:31:30,request_timer_sum,205,helm-chart,http,10.244.0.11:8080,gogrpctest-helm-chart,monitoring,gogrpctest-helm-chart-8568c96584-xxhrr,gogrpctest-helm-chart,481
2023-11-06 17:31:30,request_timer_sum,206,helm-chart,http,10.244.0.11:8080,gogrpctest-helm-chart,monitoring,gogrpctest-helm-chart-8568c96584-xxhrr,gogrpctest-helm-chart,471
2023-11-06 17:31:30,request_timer_sum,207,helm-chart,http,10.244.0.11:8080,gogrpctest-helm-chart,monitoring,gogrpctest-helm-chart-8568c96584-xxhrr,gogrpctest-helm-chart,444
2023-11-06 17:31:30,request_timer_sum,208,helm-chart,http,10.244.0.11:8080,gogrpctest-helm-chart,monitoring,gogrpctest-helm-chart-8568c96584-xxhrr,gogrpctest-helm-chart,441
2023-11-06 17:31:30,request_timer_sum,209,helm-chart,http,10.244.0.11:8080,gogrpctest-helm-chart,monitoring,gogrpctest-helm-chart-8568c96584-xxhrr,gogrpctest-helm-chart,431
2023-11-06 17:31:30,request_timer_sum,21,helm-chart,http,10.244.0.11:8080,gogrpctest-helm-chart,monitoring,gogrpctest-helm-chart-8568c96584-xxhrr,gogrpctest-helm-chart,460
2023-11-06 17:31:30,request_timer_sum,210,helm-chart,http,10.244.0.11:8080,gogrpctest-helm-chart,monitoring,gogrpctest-helm-chart-8568c96584-xxhrr,gogrpctest-helm-chart,432
2023-11-06 17:31:30,request_timer_sum,211,helm-chart,http,10.244.0.11:8080,gogrpctest-helm-chart,monitoring,gogrpctest-helm-chart-8568c96584-xxhrr,gogrpctest-helm-chart,488
2023-11-06 17:31:30,request_timer_sum,212,helm-chart,http,10.244.0.11:8080,gogrpctest-helm-chart,monitoring,gogrpctest-helm-chart-8568c96584-xxhrr,gogrpctest-helm-chart,424
2023-11-06 17:31:30,request_timer_sum,213,helm-chart,http,10.244.0.11:8080,gogrpctest-helm-chart,monitoring,gogrpctest-helm-chart-8568c96584-xxhrr,gogrpctest-helm-chart,512
2023-11-06 17:31:30,request_timer_sum,214,helm-chart,http,10.244.0.11:8080,gogrpctest-helm-chart,monitoring,gogrpctest-helm-chart-8568c96584-xxhrr,gogrpctest-helm-chart,515
2023-11-06 17:31:30,request_timer_sum,215,helm-chart,http,10.244.0.11:8080,gogrpctest-helm-chart,monitoring,gogrpctest-helm-chart-8568c96584-xxhrr,gogrpctest-helm-chart,499
2023-11-06 17:31:30,request_timer_sum,216,helm-chart,http,10.244.0.11:8080,gogrpctest-helm-chart,monitoring,gogrpctest-helm-chart-8568c96584-xxhrr,gogrpctest-helm-chart,447
2023-11-06 17:31:30,request_timer_sum,217,helm-chart,http,10.244.0.11:8080,gogrpctest-helm-chart,monitoring,gogrpctest-helm-chart-8568c96584-xxhrr,gogrpctest-helm-chart,451
2023-11-06 17:31:30,request_timer_sum,218,helm-chart,http,10.244.0.11:8080,gogrpctest-helm-chart,monitoring,gogrpctest-helm-chart-8568c96584-xxhrr,gogrpctest-helm-chart,517
2023-11-06 17:31:30,request_timer_sum,219,helm-chart,http,10.244.0.11:8080,gogrpctest-helm-chart,monitoring,gogrpctest-helm-chart-8568c96584-xxhrr,gogrpctest-helm-chart,452
2023-11-06 17:31:30,request_timer_sum,22,helm-chart,http,10.244.0.11:8080,gogrpctest-helm-chart,monitoring,gogrpctest-helm-chart-8568c96584-xxhrr,gogrpctest-helm-chart,454
2023-11-06 17:31:30,request_timer_sum,220,helm-chart,http,10.244.0.11:8080,gogrpctest-helm-chart,monitoring,gogrpctest-helm-chart-8568c96584-xxhrr,gogrpctest-helm-chart,437
2023-11-06 17:31:30,request_timer_sum,221,helm-chart,http,10.244.0.11:8080,gogrpctest-helm-chart,monitoring,gogrpctest-helm-chart-8568c96584-xxhrr,gogrpctest-helm-chart,432
2023-11-06 17:31:30,request_timer_sum,222,helm-chart,http,10.244.0.11:8080,gogrpctest-helm-chart,monitoring,gogrpctest-helm-chart-8568c96584-xxhrr,gogrpctest-helm-chart,448
2023-11-06 17:31:30,request_timer_sum,223,helm-chart,http,10.244.0.11:8080,gogrpctest-helm-chart,monitoring,gogrpctest-helm-chart-8568c96584-xxhrr,gogrpctest-helm-chart,487
2023-11-06 17:31:30,request_timer_sum,224,helm-chart,http,10.244.0.11:8080,gogrpctest-helm-chart,monitoring,gogrpctest-helm-chart-8568c96584-xxhrr,gogrpctest-helm-chart,433
2023-11-06 17:31:30,request_timer_sum,225,helm-chart,http,10.244.0.11:8080,gogrpctest-helm-chart,monitoring,gogrpctest-helm-chart-8568c96584-xxhrr,gogrpctest-helm-chart,458
2023-11-06 17:31:30,request_timer_sum,226,helm-chart,http,10.244.0.11:8080,gogrpctest-helm-chart,monitoring,gogrpctest-helm-chart-8568c96584-xxhrr,gogrpctest-helm-chart,487
2023-11-06 17:31:30,request_timer_sum,227,helm-chart,http,10.244.0.11:8080,gogrpctest-helm-chart,monitoring,gogrpctest-helm-chart-8568c96584-xxhrr,gogrpctest-helm-chart,445
2023-11-06 17:31:30,request_timer_sum,228,helm-chart,http,10.244.0.11:8080,gogrpctest-helm-chart,monitoring,gogrpctest-helm-chart-8568c96584-xxhrr,gogrpctest-helm-chart,488
2023-11-06 17:31:30,request_timer_sum,229,helm-chart,http,10.244.0.11:8080,gogrpctest-helm-chart,monitoring,gogrpctest-helm-chart-8568c96584-xxhrr,gogrpctest-helm-chart,464
2023-11-06 17:31:30,request_timer_sum,23,helm-chart,http,10.244.0.11:8080,gogrpctest-helm-chart,monitoring,gogrpctest-helm-chart-8568c96584-xxhrr,gogrpctest-helm-chart,478
2023-11-06 17:31:30,request_timer_sum,230,helm-chart,http,10.244.0.11:8080,gogrpctest-helm-chart,monitoring,gogrpctest-helm-chart-8568c96584-xxhrr,gogrpctest-helm-chart,450
2023-11-06 17:31:30,request_timer_sum,231,helm-chart,http,10.244.0.11:8080,gogrpctest-helm-chart,monitoring,gogrpctest-helm-chart-8568c96584-xxhrr,gogrpctest-helm-chart,481
2023-11-06 17:31:30,request_timer_sum,232,helm-chart,http,10.244.0.11:8080,gogrpctest-helm-chart,monitoring,gogrpctest-helm-chart-8568c96584-xxhrr,gogrpctest-helm-chart,450
2023-11-06 17:31:30,request_timer_sum,233,helm-chart,http,10.244.0.11:8080,gogrpctest-helm-chart,monitoring,gogrpctest-helm-chart-8568c96584-xxhrr,gogrpctest-helm-chart,505
2023-11-06 17:31:30,request_timer_sum,234,helm-chart,http,10.244.0.11:8080,gogrpctest-helm-chart,monitoring,gogrpctest-helm-chart-8568c96584-xxhrr,gogrpctest-helm-chart,445
2023-11-06 17:31:30,request_timer_sum,235,helm-chart,http,10.244.0.11:8080,gogrpctest-helm-chart,monitoring,gogrpctest-helm-chart-8568c96584-xxhrr,gogrpctest-helm-chart,489
2023-11-06 17:31:30,request_timer_sum,236,helm-chart,http,10.244.0.11:8080,gogrpctest-helm-chart,monitoring,gogrpctest-helm-chart-8568c96584-xxhrr,gogrpctest-helm-chart,463
2023-11-06 17:31:30,request_timer_sum,237,helm-chart,http,10.244.0.11:8080,gogrpctest-helm-chart,monitoring,gogrpctest-helm-chart-8568c96584-xxhrr,gogrpctest-helm-chart,463
2023-11-06 17:31:30,request_timer_sum,238,helm-chart,http,10.244.0.11:8080,gogrpctest-helm-chart,monitoring,gogrpctest-helm-chart-8568c96584-xxhrr,gogrpctest-helm-chart,450
2023-11-06 17:31:30,request_timer_sum,239,helm-chart,http,10.244.0.11:8080,gogrpctest-helm-chart,monitoring,gogrpctest-helm-chart-8568c96584-xxhrr,gogrpctest-helm-chart,469
2023-11-06 17:31:30,request_timer_sum,24,helm-chart,http,10.244.0.11:8080,gogrpctest-helm-chart,monitoring,gogrpctest-helm-chart-8568c96584-xxhrr,gogrpctest-helm-chart,425
2023-11-06 17:31:30,request_timer_sum,240,helm-chart,http,10.244.0.11:8080,gogrpctest-helm-chart,monitoring,gogrpctest-helm-chart-8568c96584-xxhrr,gogrpctest-helm-chart,485
2023-11-06 17:31:30,request_timer_sum,241,helm-chart,http,10.244.0.11:8080,gogrpctest-helm-chart,monitoring,gogrpctest-helm-chart-8568c96584-xxhrr,gogrpctest-helm-chart,445
2023-11-06 17:31:30,request_timer_sum,242,helm-chart,http,10.244.0.11:8080,gogrpctest-helm-chart,monitoring,gogrpctest-helm-chart-8568c96584-xxhrr,gogrpctest-helm-chart,511
2023-11-06 17:31:30,request_timer_sum,243,helm-chart,http,10.244.0.11:8080,gogrpctest-helm-chart,monitoring,gogrpctest-helm-chart-8568c96584-xxhrr,gogrpctest-helm-chart,492
2023-11-06 17:31:30,request_timer_sum,244,helm-chart,http,10.244.0.11:8080,gogrpctest-helm-chart,monitoring,gogrpctest-helm-chart-8568c96584-xxhrr,gogrpctest-helm-chart,463
2023-11-06 17:31:30,request_timer_sum,245,helm-chart,http,10.244.0.11:8080,gogrpctest-helm-chart,monitoring,gogrpctest-helm-chart-8568c96584-xxhrr,gogrpctest-helm-chart,459
2023-11-06 17:31:30,request_timer_sum,246,helm-chart,http,10.244.0.11:8080,gogrpctest-helm-chart,monitoring,gogrpctest-helm-chart-8568c96584-xxhrr,gogrpctest-helm-chart,486
2023-11-06 17:31:30,request_timer_sum,247,helm-chart,http,10.244.0.11:8080,gogrpctest-helm-chart,monitoring,gogrpctest-helm-chart-8568c96584-xxhrr,gogrpctest-helm-chart,432
2023-11-06 17:31:30,request_timer_sum,248,helm-chart,http,10.244.0.11:8080,gogrpctest-helm-chart,monitoring,gogrpctest-helm-chart-8568c96584-xxhrr,gogrpctest-helm-chart,512
2023-11-06 17:31:30,request_timer_sum,249,helm-chart,http,10.244.0.11:8080,gogrpctest-helm-chart,monitoring,gogrpctest-helm-chart-8568c96584-xxhrr,gogrpctest-helm-chart,430
2023-11-06 17:31:30,request_timer_sum,25,helm-chart,http,10.244.0.11:8080,gogrpctest-helm-chart,monitoring,gogrpctest-helm-chart-8568c96584-xxhrr,gogrpctest-helm-chart,484
2023-11-06 17:31:30,request_timer_sum,250,helm-chart,http,10.244.0.11:8080,gogrpctest-helm-chart,monitoring,gogrpctest-helm-chart-8568c96584-xxhrr,gogrpctest-helm-chart,432
2023-11-06 17:31:30,request_timer_sum,251,helm-chart,http,10.244.0.11:8080,gogrpctest-helm-chart,monitoring,gogrpctest-helm-chart-8568c96584-xxhrr,gogrpctest-helm-chart,442
2023-11-06 17:31:30,request_timer_sum,252,helm-chart,http,10.244.0.11:8080,gogrpctest-helm-chart,monitoring,gogrpctest-helm-chart-8568c96584-xxhrr,gogrpctest-helm-chart,436
2023-11-06 17:31:30,request_timer_sum,253,helm-chart,http,10.244.0.11:8080,gogrpctest-helm-chart,monitoring,gogrpctest-helm-chart-8568c96584-xxhrr,gogrpctest-helm-chart,460
2023-11-06 17:31:30,request_timer_sum,254,helm-chart,http,10.244.0.11:8080,gogrpctest-helm-chart,monitoring,gogrpctest-helm-chart-8568c96584-xxhrr,gogrpctest-helm-chart,470
2023-11-06 17:31:30,request_timer_sum,255,helm-chart,http,10.244.0.11:8080,gogrpctest-helm-chart,monitoring,gogrpctest-helm-chart-8568c96584-xxhrr,gogrpctest-helm-chart,454
2023-11-06 17:31:30,request_timer_sum,256,helm-chart,http,10.244.0.11:8080,gogrpctest-helm-chart,monitoring,gogrpctest-helm-chart-8568c96584-xxhrr,gogrpctest-helm-chart,458
2023-11-06 17:31:30,request_timer_sum,257,helm-chart,http,10.244.0.11:8080,gogrpctest-helm-chart,monitoring,gogrpctest-helm-chart-8568c96584-xxhrr,gogrpctest-helm-chart,460
2023-11-06 17:31:30,request_timer_sum,258,helm-chart,http,10.244.0.11:8080,gogrpctest-helm-chart,monitoring,gogrpctest-helm-chart-8568c96584-xxhrr,gogrpctest-helm-chart,461
2023-11-06 17:31:30,request_timer_sum,259,helm-chart,http,10.244.0.11:8080,gogrpctest-helm-chart,monitoring,gogrpctest-helm-chart-8568c96584-xxhrr,gogrpctest-helm-chart,437
2023-11-06 17:31:30,request_timer_sum,26,helm-chart,http,10.244.0.11:8080,gogrpctest-helm-chart,monitoring,gogrpctest-helm-chart-8568c96584-xxhrr,gogrpctest-helm-chart,435
2023-11-06 17:31:30,request_timer_sum,260,helm-chart,http,10.244.0.11:8080,gogrpctest-helm-chart,monitoring,gogrpctest-helm-chart-8568c96584-xxhrr,gogrpctest-helm-chart,452
2023-11-06 17:31:30,request_timer_sum,261,helm-chart,http,10.244.0.11:8080,gogrpctest-helm-chart,monitoring,gogrpctest-helm-chart-8568c96584-xxhrr,gogrpctest-helm-chart,455
2023-11-06 17:31:30,request_timer_sum,262,helm-chart,http,10.244.0.11:8080,gogrpctest-helm-chart,monitoring,gogrpctest-helm-chart-8568c96584-xxhrr,gogrpctest-helm-chart,474
2023-11-06 17:31:30,request_timer_sum,263,helm-chart,http,10.244.0.11:8080,gogrpctest-helm-chart,monitoring,gogrpctest-helm-chart-8568c96584-xxhrr,gogrpctest-helm-chart,487
2023-11-06 17:31:30,request_timer_sum,264,helm-chart,http,10.244.0.11:8080,gogrpctest-helm-chart,monitoring,gogrpctest-helm-chart-8568c96584-xxhrr,gogrpctest-helm-chart,476
2023-11-06 17:31:30,request_timer_sum,265,helm-chart,http,10.244.0.11:8080,gogrpctest-helm-chart,monitoring,gogrpctest-helm-chart-8568c96584-xxhrr,gogrpctest-helm-chart,428
2023-11-06 17:31:30,request_timer_sum,266,helm-chart,http,10.244.0.11:8080,gogrpctest-helm-chart,monitoring,gogrpctest-helm-chart-8568c96584-xxhrr,gogrpctest-helm-chart,445
2023-11-06 17:31:30,request_timer_sum,267,helm-chart,http,10.244.0.11:8080,gogrpctest-helm-chart,monitoring,gogrpctest-helm-chart-8568c96584-xxhrr,gogrpctest-helm-chart,476
2023-11-06 17:31:30,request_timer_sum,268,helm-chart,http,10.244.0.11:8080,gogrpctest-helm-chart,monitoring,gogrpctest-helm-chart-8568c96584-xxhrr,gogrpctest-helm-chart,430
2023-11-06 17:31:30,request_timer_sum,269,helm-chart,http,10.244.0.11:8080,gogrpctest-helm-chart,monitoring,gogrpctest-helm-chart-8568c96584-xxhrr,gogrpctest-helm-chart,438
2023-11-06 17:31:30,request_timer_sum,27,helm-chart,http,10.244.0.11:8080,gogrpctest-helm-chart,monitoring,gogrpctest-helm-chart-8568c96584-xxhrr,gogrpctest-helm-chart,465
2023-11-06 17:31:30,request_timer_sum,270,helm-chart,http,10.244.0.11:8080,gogrpctest-helm-chart,monitoring,gogrpctest-helm-chart-8568c96584-xxhrr,gogrpctest-helm-chart,496
2023-11-06 17:31:30,request_timer_sum,271,helm-chart,http,10.244.0.11:8080,gogrpctest-helm-chart,monitoring,gogrpctest-helm-chart-8568c96584-xxhrr,gogrpctest-helm-chart,438
2023-11-06 17:31:30,request_timer_sum,272,helm-chart,http,10.244.0.11:8080,gogrpctest-helm-chart,monitoring,gogrpctest-helm-chart-8568c96584-xxhrr,gogrpctest-helm-chart,464
2023-11-06 17:31:30,request_timer_sum,273,helm-chart,http,10.244.0.11:8080,gogrpctest-helm-chart,monitoring,gogrpctest-helm-chart-8568c96584-xxhrr,gogrpctest-helm-chart,434
2023-11-06 17:31:30,request_timer_sum,274,helm-chart,http,10.244.0.11:8080,gogrpctest-helm-chart,monitoring,gogrpctest-helm-chart-8568c96584-xxhrr,gogrpctest-helm-chart,428
2023-11-06 17:31:30,request_timer_sum,275,helm-chart,http,10.244.0.11:8080,gogrpctest-helm-chart,monitoring,gogrpctest-helm-chart-8568c96584-xxhrr,gogrpctest-helm-chart,451
2023-11-06 17:31:30,request_timer_sum,276,helm-chart,http,10.244.0.11:8080,gogrpctest-helm-chart,monitoring,gogrpctest-helm-chart-8568c96584-xxhrr,gogrpctest-helm-chart,443
2023-11-06 17:31:30,request_timer_sum,277,helm-chart,http,10.244.0.11:8080,gogrpctest-helm-chart,monitoring,gogrpctest-helm-chart-8568c96584-xxhrr,gogrpctest-helm-chart,470
2023-11-06 17:31:30,request_timer_sum,278,helm-chart,http,10.244.0.11:8080,gogrpctest-helm-chart,monitoring,gogrpctest-helm-chart-8568c96584-xxhrr,gogrpctest-helm-chart,454
2023-11-06 17:31:30,request_timer_sum,279,helm-chart,http,10.244.0.11:8080,gogrpctest-helm-chart,monitoring,gogrpctest-helm-chart-8568c96584-xxhrr,gogrpctest-helm-chart,523
2023-11-06 17:31:30,request_timer_sum,28,helm-chart,http,10.244.0.11:8080,gogrpctest-helm-chart,monitoring,gogrpctest-helm-chart-8568c96584-xxhrr,gogrpctest-helm-chart,437
2023-11-06 17:31:30,request_timer_sum,280,helm-chart,http,10.244.0.11:8080,gogrpctest-helm-chart,monitoring,gogrpctest-helm-chart-8568c96584-xxhrr,gogrpctest-helm-chart,443
2023-11-06 17:31:30,request_timer_sum,281,helm-chart,http,10.244.0.11:8080,gogrpctest-helm-chart,monitoring,gogrpctest-helm-chart-8568c96584-xxhrr,gogrpctest-helm-chart,423
2023-11-06 17:31:30,request_timer_sum,282,helm-chart,http,10.244.0.11:8080,gogrpctest-helm-chart,monitoring,gogrpctest-helm-chart-8568c96584-xxhrr,gogrpctest-helm-chart,456
2023-11-06 17:31:30,request_timer_sum,283,helm-chart,http,10.244.0.11:8080,gogrpctest-helm-chart,monitoring,gogrpctest-helm-chart-8568c96584-xxhrr,gogrpctest-helm-chart,466
2023-11-06 17:31:30,request_timer_sum,284,helm-chart,http,10.244.0.11:8080,gogrpctest-helm-chart,monitoring,gogrpctest-helm-chart-8568c96584-xxhrr,gogrpctest-helm-chart,446
2023-11-06 17:31:30,request_timer_sum,285,helm-chart,http,10.244.0.11:8080,gogrpctest-helm-chart,monitoring,gogrpctest-helm-chart-8568c96584-xxhrr,gogrpctest-helm-chart,510
2023-11-06 17:31:30,request_timer_sum,286,helm-chart,http,10.244.0.11:8080,gogrpctest-helm-chart,monitoring,gogrpctest-helm-chart-8568c96584-xxhrr,gogrpctest-helm-chart,441
2023-11-06 17:31:30,request_timer_sum,287,helm-chart,http,10.244.0.11:8080,gogrpctest-helm-chart,monitoring,gogrpctest-helm-chart-8568c96584-xxhrr,gogrpctest-helm-chart,465
2023-11-06 17:31:30,request_timer_sum,288,helm-chart,http,10.244.0.11:8080,gogrpctest-helm-chart,monitoring,gogrpctest-helm-chart-8568c96584-xxhrr,gogrpctest-helm-chart,453
2023-11-06 17:31:30,request_timer_sum,289,helm-chart,http,10.244.0.11:8080,gogrpctest-helm-chart,monitoring,gogrpctest-helm-chart-8568c96584-xxhrr,gogrpctest-helm-chart,450
2023-11-06 17:31:30,request_timer_sum,29,helm-chart,http,10.244.0.11:8080,gogrpctest-helm-chart,monitoring,gogrpctest-helm-chart-8568c96584-xxhrr,gogrpctest-helm-chart,430
2023-11-06 17:31:30,request_timer_sum,290,helm-chart,http,10.244.0.11:8080,gogrpctest-helm-chart,monitoring,gogrpctest-helm-chart-8568c96584-xxhrr,gogrpctest-helm-chart,464
2023-11-06 17:31:30,request_timer_sum,291,helm-chart,http,10.244.0.11:8080,gogrpctest-helm-chart,monitoring,gogrpctest-helm-chart-8568c96584-xxhrr,gogrpctest-helm-chart,429
2023-11-06 17:31:30,request_timer_sum,292,helm-chart,http,10.244.0.11:8080,gogrpctest-helm-chart,monitoring,gogrpctest-helm-chart-8568c96584-xxhrr,gogrpctest-helm-chart,479
2023-11-06 17:31:30,request_timer_sum,293,helm-chart,http,10.244.0.11:8080,gogrpctest-helm-chart,monitoring,gogrpctest-helm-chart-8568c96584-xxhrr,gogrpctest-helm-chart,487
2023-11-06 17:31:30,request_timer_sum,294,helm-chart,http,10.244.0.11:8080,gogrpctest-helm-chart,monitoring,gogrpctest-helm-chart-8568c96584-xxhrr,gogrpctest-helm-chart,428
2023-11-06 17:31:30,request_timer_sum,295,helm-chart,http,10.244.0.11:8080,gogrpctest-helm-chart,monitoring,gogrpctest-helm-chart-8568c96584-xxhrr,gogrpctest-helm-chart,450
2023-11-06 17:31:30,request_timer_sum,296,helm-chart,http,10.244.0.11:8080,gogrpctest-helm-chart,monitoring,gogrpctest-helm-chart-8568c96584-xxhrr,gogrpctest-helm-chart,465
2023-11-06 17:31:30,request_timer_sum,297,helm-chart,http,10.244.0.11:8080,gogrpctest-helm-chart,monitoring,gogrpctest-helm-chart-8568c96584-xxhrr,gogrpctest-helm-chart,457
2023-11-06 17:31:30,request_timer_sum,298,helm-chart,http,10.244.0.11:8080,gogrpctest-helm-chart,monitoring,gogrpctest-helm-chart-8568c96584-xxhrr,gogrpctest-helm-chart,459
2023-11-06 17:31:30,request_timer_sum,299,helm-chart,http,10.244.0.11:8080,gogrpctest-helm-chart,monitoring,gogrpctest-helm-chart-8568c96584-xxhrr,gogrpctest-helm-chart,449
2023-11-06 17:31:30,request_timer_sum,3,helm-chart,http,10.244.0.11:8080,gogrpctest-helm-chart,monitoring,gogrpctest-helm-chart-8568c96584-xxhrr,gogrpctest-helm-chart,438
2023-11-06 17:31:30,request_timer_sum,30,helm-chart,http,10.244.0.11:8080,gogrpctest-helm-chart,monitoring,gogrpctest-helm-chart-8568c96584-xxhrr,gogrpctest-helm-chart,433
2023-11-06 17:31:30,request_timer_sum,300,helm-chart,http,10.244.0.11:8080,gogrpctest-helm-chart,monitoring,gogrpctest-helm-chart-8568c96584-xxhrr,gogrpctest-helm-chart,464
2023-11-06 17:31:30,request_timer_sum,301,helm-chart,http,10.244.0.11:8080,gogrpctest-helm-chart,monitoring,gogrpctest-helm-chart-8568c96584-xxhrr,gogrpctest-helm-chart,435
2023-11-06 17:31:30,request_timer_sum,302,helm-chart,http,10.244.0.11:8080,gogrpctest-helm-chart,monitoring,gogrpctest-helm-chart-8568c96584-xxhrr,gogrpctest-helm-chart,471
2023-11-06 17:31:30,request_timer_sum,303,helm-chart,http,10.244.0.11:8080,gogrpctest-helm-chart,monitoring,gogrpctest-helm-chart-8568c96584-xxhrr,gogrpctest-helm-chart,437
2023-11-06 17:31:30,request_timer_sum,304,helm-chart,http,10.244.0.11:8080,gogrpctest-helm-chart,monitoring,gogrpctest-helm-chart-8568c96584-xxhrr,gogrpctest-helm-chart,463
2023-11-06 17:31:30,request_timer_sum,305,helm-chart,http,10.244.0.11:8080,gogrpctest-helm-chart,monitoring,gogrpctest-helm-chart-8568c96584-xxhrr,gogrpctest-helm-chart,449
2023-11-06 17:31:30,request_timer_sum,306,helm-chart,http,10.244.0.11:8080,gogrpctest-helm-chart,monitoring,gogrpctest-helm-chart-8568c96584-xxhrr,gogrpctest-helm-chart,463
2023-11-06 17:31:30,request_timer_sum,307,helm-chart,http,10.244.0.11:8080,gogrpctest-helm-chart,monitoring,gogrpctest-helm-chart-8568c96584-xxhrr,gogrpctest-helm-chart,484
2023-11-06 17:31:30,request_timer_sum,308,helm-chart,http,10.244.0.11:8080,gogrpctest-helm-chart,monitoring,gogrpctest-helm-chart-8568c96584-xxhrr,gogrpctest-helm-chart,517
2023-11-06 17:31:30,request_timer_sum,309,helm-chart,http,10.244.0.11:8080,gogrpctest-helm-chart,monitoring,gogrpctest-helm-chart-8568c96584-xxhrr,gogrpctest-helm-chart,455
2023-11-06 17:31:30,request_timer_sum,31,helm-chart,http,10.244.0.11:8080,gogrpctest-helm-chart,monitoring,gogrpctest-helm-chart-8568c96584-xxhrr,gogrpctest-helm-chart,458
2023-11-06 17:31:30,request_timer_sum,310,helm-chart,http,10.244.0.11:8080,gogrpctest-helm-chart,monitoring,gogrpctest-helm-chart-8568c96584-xxhrr,gogrpctest-helm-chart,451
2023-11-06 17:31:30,request_timer_sum,311,helm-chart,http,10.244.0.11:8080,gogrpctest-helm-chart,monitoring,gogrpctest-helm-chart-8568c96584-xxhrr,gogrpctest-helm-chart,443
2023-11-06 17:31:30,request_timer_sum,312,helm-chart,http,10.244.0.11:8080,gogrpctest-helm-chart,monitoring,gogrpctest-helm-chart-8568c96584-xxhrr,gogrpctest-helm-chart,424
2023-11-06 17:31:30,request_timer_sum,313,helm-chart,http,10.244.0.11:8080,gogrpctest-helm-chart,monitoring,gogrpctest-helm-chart-8568c96584-xxhrr,gogrpctest-helm-chart,471
2023-11-06 17:31:30,request_timer_sum,314,helm-chart,http,10.244.0.11:8080,gogrpctest-helm-chart,monitoring,gogrpctest-helm-chart-8568c96584-xxhrr,gogrpctest-helm-chart,445
2023-11-06 17:31:30,request_timer_sum,315,helm-chart,http,10.244.0.11:8080,gogrpctest-helm-chart,monitoring,gogrpctest-helm-chart-8568c96584-xxhrr,gogrpctest-helm-chart,489
2023-11-06 17:31:30,request_timer_sum,316,helm-chart,http,10.244.0.11:8080,gogrpctest-helm-chart,monitoring,gogrpctest-helm-chart-8568c96584-xxhrr,gogrpctest-helm-chart,460
2023-11-06 17:31:30,request_timer_sum,317,helm-chart,http,10.244.0.11:8080,gogrpctest-helm-chart,monitoring,gogrpctest-helm-chart-8568c96584-xxhrr,gogrpctest-helm-chart,428
2023-11-06 17:31:30,request_timer_sum,318,helm-chart,http,10.244.0.11:8080,gogrpctest-helm-chart,monitoring,gogrpctest-helm-chart-8568c96584-xxhrr,gogrpctest-helm-chart,443
2023-11-06 17:31:30,request_timer_sum,319,helm-chart,http,10.244.0.11:8080,gogrpctest-helm-chart,monitoring,gogrpctest-helm-chart-8568c96584-xxhrr,gogrpctest-helm-chart,457
2023-11-06 17:31:30,request_timer_sum,32,helm-chart,http,10.244.0.11:8080,gogrpctest-helm-chart,monitoring,gogrpctest-helm-chart-8568c96584-xxhrr,gogrpctest-helm-chart,449
2023-11-06 17:31:30,request_timer_sum,320,helm-chart,http,10.244.0.11:8080,gogrpctest-helm-chart,monitoring,gogrpctest-helm-chart-8568c96584-xxhrr,gogrpctest-helm-chart,437
2023-11-06 17:31:30,request_timer_sum,321,helm-chart,http,10.244.0.11:8080,gogrpctest-helm-chart,monitoring,gogrpctest-helm-chart-8568c96584-xxhrr,gogrpctest-helm-chart,428
2023-11-06 17:31:30,request_timer_sum,322,helm-chart,http,10.244.0.11:8080,gogrpctest-helm-chart,monitoring,gogrpctest-helm-chart-8568c96584-xxhrr,gogrpctest-helm-chart,456
2023-11-06 17:31:30,request_timer_sum,323,helm-chart,http,10.244.0.11:8080,gogrpctest-helm-chart,monitoring,gogrpctest-helm-chart-8568c96584-xxhrr,gogrpctest-helm-chart,517
2023-11-06 17:31:30,request_timer_sum,324,helm-chart,http,10.244.0.11:8080,gogrpctest-helm-chart,monitoring,gogrpctest-helm-chart-8568c96584-xxhrr,gogrpctest-helm-chart,442
2023-11-06 17:31:30,request_timer_sum,325,helm-chart,http,10.244.0.11:8080,gogrpctest-helm-chart,monitoring,gogrpctest-helm-chart-8568c96584-xxhrr,gogrpctest-helm-chart,474
2023-11-06 17:31:30,request_timer_sum,326,helm-chart,http,10.244.0.11:8080,gogrpctest-helm-chart,monitoring,gogrpctest-helm-chart-8568c96584-xxhrr,gogrpctest-helm-chart,485
2023-11-06 17:31:30,request_timer_sum,327,helm-chart,http,10.244.0.11:8080,gogrpctest-helm-chart,monitoring,gogrpctest-helm-chart-8568c96584-xxhrr,gogrpctest-helm-chart,428
2023-11-06 17:31:30,request_timer_sum,328,helm-chart,http,10.244.0.11:8080,gogrpctest-helm-chart,monitoring,gogrpctest-helm-chart-8568c96584-xxhrr,gogrpctest-helm-chart,464
2023-11-06 17:31:30,request_timer_sum,329,helm-chart,http,10.244.0.11:8080,gogrpctest-helm-chart,monitoring,gogrpctest-helm-chart-8568c96584-xxhrr,gogrpctest-helm-chart,460
2023-11-06 17:31:30,request_timer_sum,33,helm-chart,http,10.244.0.11:8080,gogrpctest-helm-chart,monitoring,gogrpctest-helm-chart-8568c96584-xxhrr,gogrpctest-helm-chart,470
2023-11-06 17:31:30,request_timer_sum,330,helm-chart,http,10.244.0.11:8080,gogrpctest-helm-chart,monitoring,gogrpctest-helm-chart-8568c96584-xxhrr,gogrpctest-helm-chart,511
2023-11-06 17:31:30,request_timer_sum,331,helm-chart,http,10.244.0.11:8080,gogrpctest-helm-chart,monitoring,gogrpctest-helm-chart-8568c96584-xxhrr,gogrpctest-helm-chart,460
2023-11-06 17:31:30,request_timer_sum,332,helm-chart,http,10.244.0.11:8080,gogrpctest-helm-chart,monitoring,gogrpctest-helm-chart-8568c96584-xxhrr,gogrpctest-helm-chart,437
2023-11-06 17:31:30,request_timer_sum,333,helm-chart,http,10.244.0.11:8080,gogrpctest-helm-chart,monitoring,gogrpctest-helm-chart-8568c96584-xxhrr,gogrpctest-helm-chart,427
2023-11-06 17:31:30,request_timer_sum,334,helm-chart,http,10.244.0.11:8080,gogrpctest-helm-chart,monitoring,gogrpctest-helm-chart-8568c96584-xxhrr,gogrpctest-helm-chart,437
2023-11-06 17:31:30,request_timer_sum,335,helm-chart,http,10.244.0.11:8080,gogrpctest-helm-chart,monitoring,gogrpctest-helm-chart-8568c96584-xxhrr,gogrpctest-helm-chart,482
2023-11-06 17:31:30,request_timer_sum,336,helm-chart,http,10.244.0.11:8080,gogrpctest-helm-chart,monitoring,gogrpctest-helm-chart-8568c96584-xxhrr,gogrpctest-helm-chart,448
2023-11-06 17:31:30,request_timer_sum,337,helm-chart,http,10.244.0.11:8080,gogrpctest-helm-chart,monitoring,gogrpctest-helm-chart-8568c96584-xxhrr,gogrpctest-helm-chart,423
2023-11-06 17:31:30,request_timer_sum,338,helm-chart,http,10.244.0.11:8080,gogrpctest-helm-chart,monitoring,gogrpctest-helm-chart-8568c96584-xxhrr,gogrpctest-helm-chart,543
2023-11-06 17:31:30,request_timer_sum,339,helm-chart,http,10.244.0.11:8080,gogrpctest-helm-chart,monitoring,gogrpctest-helm-chart-8568c96584-xxhrr,gogrpctest-helm-chart,428
2023-11-06 17:31:30,request_timer_sum,34,helm-chart,http,10.244.0.11:8080,gogrpctest-helm-chart,monitoring,gogrpctest-helm-chart-8568c96584-xxhrr,gogrpctest-helm-chart,430
2023-11-06 17:31:30,request_timer_sum,340,helm-chart,http,10.244.0.11:8080,gogrpctest-helm-chart,monitoring,gogrpctest-helm-chart-8568c96584-xxhrr,gogrpctest-helm-chart,435
2023-11-06 17:31:30,request_timer_sum,341,helm-chart,http,10.244.0.11:8080,gogrpctest-helm-chart,monitoring,gogrpctest-helm-chart-8568c96584-xxhrr,gogrpctest-helm-chart,431
2023-11-06 17:31:30,request_timer_sum,342,helm-chart,http,10.244.0.11:8080,gogrpctest-helm-chart,monitoring,gogrpctest-helm-chart-8568c96584-xxhrr,gogrpctest-helm-chart,470
2023-11-06 17:31:30,request_timer_sum,343,helm-chart,http,10.244.0.11:8080,gogrpctest-helm-chart,monitoring,gogrpctest-helm-chart-8568c96584-xxhrr,gogrpctest-helm-chart,469
2023-11-06 17:31:30,request_timer_sum,344,helm-chart,http,10.244.0.11:8080,gogrpctest-helm-chart,monitoring,gogrpctest-helm-chart-8568c96584-xxhrr,gogrpctest-helm-chart,485
2023-11-06 17:31:30,request_timer_sum,345,helm-chart,http,10.244.0.11:8080,gogrpctest-helm-chart,monitoring,gogrpctest-helm-chart-8568c96584-xxhrr,gogrpctest-helm-chart,473
2023-11-06 17:31:30,request_timer_sum,346,helm-chart,http,10.244.0.11:8080,gogrpctest-helm-chart,monitoring,gogrpctest-helm-chart-8568c96584-xxhrr,gogrpctest-helm-chart,451
2023-11-06 17:31:30,request_timer_sum,347,helm-chart,http,10.244.0.11:8080,gogrpctest-helm-chart,monitoring,gogrpctest-helm-chart-8568c96584-xxhrr,gogrpctest-helm-chart,466
2023-11-06 17:31:30,request_timer_sum,348,helm-chart,http,10.244.0.11:8080,gogrpctest-helm-chart,monitoring,gogrpctest-helm-chart-8568c96584-xxhrr,gogrpctest-helm-chart,456
2023-11-06 17:31:30,request_timer_sum,349,helm-chart,http,10.244.0.11:8080,gogrpctest-helm-chart,monitoring,gogrpctest-helm-chart-8568c96584-xxhrr,gogrpctest-helm-chart,493
2023-11-06 17:31:30,request_timer_sum,35,helm-chart,http,10.244.0.11:8080,gogrpctest-helm-chart,monitoring,gogrpctest-helm-chart-8568c96584-xxhrr,gogrpctest-helm-chart,425
2023-11-06 17:31:30,request_timer_sum,36,helm-chart,http,10.244.0.11:8080,gogrpctest-helm-chart,monitoring,gogrpctest-helm-chart-8568c96584-xxhrr,gogrpctest-helm-chart,425
2023-11-06 17:31:30,request_timer_sum,37,helm-chart,http,10.244.0.11:8080,gogrpctest-helm-chart,monitoring,gogrpctest-helm-chart-8568c96584-xxhrr,gogrpctest-helm-chart,440
2023-11-06 17:31:30,request_timer_sum,38,helm-chart,http,10.244.0.11:8080,gogrpctest-helm-chart,monitoring,gogrpctest-helm-chart-8568c96584-xxhrr,gogrpctest-helm-chart,495
2023-11-06 17:31:30,request_timer_sum,39,helm-chart,http,10.244.0.11:8080,gogrpctest-helm-chart,monitoring,gogrpctest-helm-chart-8568c96584-xxhrr,gogrpctest-helm-chart,462
2023-11-06 17:31:30,request_timer_sum,4,helm-chart,http,10.244.0.11:8080,gogrpctest-helm-chart,monitoring,gogrpctest-helm-chart-8568c96584-xxhrr,gogrpctest-helm-chart,441
2023-11-06 17:31:30,request_timer_sum,40,helm-chart,http,10.244.0.11:8080,gogrpctest-helm-chart,monitoring,gogrpctest-helm-chart-8568c96584-xxhrr,gogrpctest-helm-chart,459
2023-11-06 17:31:30,request_timer_sum,41,helm-chart,http,10.244.0.11:8080,gogrpctest-helm-chart,monitoring,gogrpctest-helm-chart-8568c96584-xxhrr,gogrpctest-helm-chart,427
2023-11-06 17:31:30,request_timer_sum,42,helm-chart,http,10.244.0.11:8080,gogrpctest-helm-chart,monitoring,gogrpctest-helm-chart-8568c96584-xxhrr,gogrpctest-helm-chart,452
2023-11-06 17:31:30,request_timer_sum,43,helm-chart,http,10.244.0.11:8080,gogrpctest-helm-chart,monitoring,gogrpctest-helm-chart-8568c96584-xxhrr,gogrpctest-helm-chart,449
2023-11-06 17:31:30,request_timer_sum,44,helm-chart,http,10.244.0.11:8080,gogrpctest-helm-chart,monitoring,gogrpctest-helm-chart-8568c96584-xxhrr,gogrpctest-helm-chart,485
2023-11-06 17:31:30,request_timer_sum,45,helm-chart,http,10.244.0.11:8080,gogrpctest-helm-chart,monitoring,gogrpctest-helm-chart-8568c96584-xxhrr,gogrpctest-helm-chart,431
2023-11-06 17:31:30,request_timer_sum,46,helm-chart,http,10.244.0.11:8080,gogrpctest-helm-chart,monitoring,gogrpctest-helm-chart-8568c96584-xxhrr,gogrpctest-helm-chart,469
2023-11-06 17:31:30,request_timer_sum,47,helm-chart,http,10.244.0.11:8080,gogrpctest-helm-chart,monitoring,gogrpctest-helm-chart-8568c96584-xxhrr,gogrpctest-helm-chart,449
2023-11-06 17:31:30,request_timer_sum,48,helm-chart,http,10.244.0.11:8080,gogrpctest-helm-chart,monitoring,gogrpctest-helm-chart-8568c96584-xxhrr,gogrpctest-helm-chart,431
2023-11-06 17:31:30,request_timer_sum,49,helm-chart,http,10.244.0.11:8080,gogrpctest-helm-chart,monitoring,gogrpctest-helm-chart-8568c96584-xxhrr,gogrpctest-helm-chart,450
2023-11-06 17:31:30,request_timer_sum,5,helm-chart,http,10.244.0.11:8080,gogrpctest-helm-chart,monitoring,gogrpctest-helm-chart-8568c96584-xxhrr,gogrpctest-helm-chart,451
2023-11-06 17:31:30,request_timer_sum,50,helm-chart,http,10.244.0.11:8080,gogrpctest-helm-chart,monitoring,gogrpctest-helm-chart-8568c96584-xxhrr,gogrpctest-helm-chart,447
2023-11-06 17:31:30,request_timer_sum,51,helm-chart,http,10.244.0.11:8080,gogrpctest-helm-chart,monitoring,gogrpctest-helm-chart-8568c96584-xxhrr,gogrpctest-helm-chart,478
2023-11-06 17:31:30,request_timer_sum,52,helm-chart,http,10.244.0.11:8080,gogrpctest-helm-chart,monitoring,gogrpctest-helm-chart-8568c96584-xxhrr,gogrpctest-helm-chart,463
2023-11-06 17:31:30,request_timer_sum,53,helm-chart,http,10.244.0.11:8080,gogrpctest-helm-chart,monitoring,gogrpctest-helm-chart-8568c96584-xxhrr,gogrpctest-helm-chart,505
2023-11-06 17:31:30,request_timer_sum,54,helm-chart,http,10.244.0.11:8080,gogrpctest-helm-chart,monitoring,gogrpctest-helm-chart-8568c96584-xxhrr,gogrpctest-helm-chart,460
2023-11-06 17:31:30,request_timer_sum,55,helm-chart,http,10.244.0.11:8080,gogrpctest-helm-chart,monitoring,gogrpctest-helm-chart-8568c96584-xxhrr,gogrpctest-helm-chart,459
2023-11-06 17:31:30,request_timer_sum,56,helm-chart,http,10.244.0.11:8080,gogrpctest-helm-chart,monitoring,gogrpctest-helm-chart-8568c96584-xxhrr,gogrpctest-helm-chart,440
2023-11-06 17:31:30,request_timer_sum,57,helm-chart,http,10.244.0.11:8080,gogrpctest-helm-chart,monitoring,gogrpctest-helm-chart-8568c96584-xxhrr,gogrpctest-helm-chart,455
2023-11-06 17:31:30,request_timer_sum,58,helm-chart,http,10.244.0.11:8080,gogrpctest-helm-chart,monitoring,gogrpctest-helm-chart-8568c96584-xxhrr,gogrpctest-helm-chart,455
2023-11-06 17:31:30,request_timer_sum,59,helm-chart,http,10.244.0.11:8080,gogrpctest-helm-chart,monitoring,gogrpctest-helm-chart-8568c96584-xxhrr,gogrpctest-helm-chart,443
2023-11-06 17:31:30,request_timer_sum,6,helm-chart,http,10.244.0.11:8080,gogrpctest-helm-chart,monitoring,gogrpctest-helm-chart-8568c96584-xxhrr,gogrpctest-helm-chart,452
2023-11-06 17:31:30,request_timer_sum,60,helm-chart,http,10.244.0.11:8080,gogrpctest-helm-chart,monitoring,gogrpctest-helm-chart-8568c96584-xxhrr,gogrpctest-helm-chart,460
2023-11-06 17:31:30,request_timer_sum,61,helm-chart,http,10.244.0.11:8080,gogrpctest-helm-chart,monitoring,gogrpctest-helm-chart-8568c96584-xxhrr,gogrpctest-helm-chart,453
2023-11-06 17:31:30,request_timer_sum,62,helm-chart,http,10.244.0.11:8080,gogrpctest-helm-chart,monitoring,gogrpctest-helm-chart-8568c96584-xxhrr,gogrpctest-helm-chart,463
2023-11-06 17:31:30,request_timer_sum,63,helm-chart,http,10.244.0.11:8080,gogrpctest-helm-chart,monitoring,gogrpctest-helm-chart-8568c96584-xxhrr,gogrpctest-helm-chart,466
2023-11-06 17:31:30,request_timer_sum,64,helm-chart,http,10.244.0.11:8080,gogrpctest-helm-chart,monitoring,gogrpctest-helm-chart-8568c96584-xxhrr,gogrpctest-helm-chart,433
2023-11-06 17:31:30,request_timer_sum,65,helm-chart,http,10.244.0.11:8080,gogrpctest-helm-chart,monitoring,gogrpctest-helm-chart-8568c96584-xxhrr,gogrpctest-helm-chart,471
2023-11-06 17:31:30,request_timer_sum,66,helm-chart,http,10.244.0.11:8080,gogrpctest-helm-chart,monitoring,gogrpctest-helm-chart-8568c96584-xxhrr,gogrpctest-helm-chart,440
2023-11-06 17:31:30,request_timer_sum,67,helm-chart,http,10.244.0.11:8080,gogrpctest-helm-chart,monitoring,gogrpctest-helm-chart-8568c96584-xxhrr,gogrpctest-helm-chart,454
2023-11-06 17:31:30,request_timer_sum,68,helm-chart,http,10.244.0.11:8080,gogrpctest-helm-chart,monitoring,gogrpctest-helm-chart-8568c96584-xxhrr,gogrpctest-helm-chart,465
2023-11-06 17:31:30,request_timer_sum,69,helm-chart,http,10.244.0.11:8080,gogrpctest-helm-chart,monitoring,gogrpctest-helm-chart-8568c96584-xxhrr,gogrpctest-helm-chart,434
2023-11-06 17:31:30,request_timer_sum,7,helm-chart,http,10.244.0.11:8080,gogrpctest-helm-chart,monitoring,gogrpctest-helm-chart-8568c96584-xxhrr,gogrpctest-helm-chart,440
2023-11-06 17:31:30,request_timer_sum,70,helm-chart,http,10.244.0.11:8080,gogrpctest-helm-chart,monitoring,gogrpctest-helm-chart-8568c96584-xxhrr,gogrpctest-helm-chart,486
2023-11-06 17:31:30,request_timer_sum,71,helm-chart,http,10.244.0.11:8080,gogrpctest-helm-chart,monitoring,gogrpctest-helm-chart-8568c96584-xxhrr,gogrpctest-helm-chart,430
2023-11-06 17:31:30,request_timer_sum,72,helm-chart,http,10.244.0.11:8080,gogrpctest-helm-chart,monitoring,gogrpctest-helm-chart-8568c96584-xxhrr,gogrpctest-helm-chart,451
2023-11-06 17:31:30,request_timer_sum,73,helm-chart,http,10.244.0.11:8080,gogrpctest-helm-chart,monitoring,gogrpctest-helm-chart-8568c96584-xxhrr,gogrpctest-helm-chart,463
2023-11-06 17:31:30,request_timer_sum,74,helm-chart,http,10.244.0.11:8080,gogrpctest-helm-chart,monitoring,gogrpctest-helm-chart-8568c96584-xxhrr,gogrpctest-helm-chart,429
2023-11-06 17:31:30,request_timer_sum,75,helm-chart,http,10.244.0.11:8080,gogrpctest-helm-chart,monitoring,gogrpctest-helm-chart-8568c96584-xxhrr,gogrpctest-helm-chart,447
2023-11-06 17:31:30,request_timer_sum,76,helm-chart,http,10.244.0.11:8080,gogrpctest-helm-chart,monitoring,gogrpctest-helm-chart-8568c96584-xxhrr,gogrpctest-helm-chart,506
2023-11-06 17:31:30,request_timer_sum,77,helm-chart,http,10.244.0.11:8080,gogrpctest-helm-chart,monitoring,gogrpctest-helm-chart-8568c96584-xxhrr,gogrpctest-helm-chart,449
2023-11-06 17:31:30,request_timer_sum,78,helm-chart,http,10.244.0.11:8080,gogrpctest-helm-chart,monitoring,gogrpctest-helm-chart-8568c96584-xxhrr,gogrpctest-helm-chart,457
2023-11-06 17:31:30,request_timer_sum,79,helm-chart,http,10.244.0.11:8080,gogrpctest-helm-chart,monitoring,gogrpctest-helm-chart-8568c96584-xxhrr,gogrpctest-helm-chart,433
2023-11-06 17:31:30,request_timer_sum,8,helm-chart,http,10.244.0.11:8080,gogrpctest-helm-chart,monitoring,gogrpctest-helm-chart-8568c96584-xxhrr,gogrpctest-helm-chart,461
2023-11-06 17:31:30,request_timer_sum,80,helm-chart,http,10.244.0.11:8080,gogrpctest-helm-chart,monitoring,gogrpctest-helm-chart-8568c96584-xxhrr,gogrpctest-helm-chart,456
2023-11-06 17:31:30,request_timer_sum,81,helm-chart,http,10.244.0.11:8080,gogrpctest-helm-chart,monitoring,gogrpctest-helm-chart-8568c96584-xxhrr,gogrpctest-helm-chart,434
2023-11-06 17:31:30,request_timer_sum,82,helm-chart,http,10.244.0.11:8080,gogrpctest-helm-chart,monitoring,gogrpctest-helm-chart-8568c96584-xxhrr,gogrpctest-helm-chart,456
2023-11-06 17:31:30,request_timer_sum,83,helm-chart,http,10.244.0.11:8080,gogrpctest-helm-chart,monitoring,gogrpctest-helm-chart-8568c96584-xxhrr,gogrpctest-helm-chart,491
2023-11-06 17:31:30,request_timer_sum,84,helm-chart,http,10.244.0.11:8080,gogrpctest-helm-chart,monitoring,gogrpctest-helm-chart-8568c96584-xxhrr,gogrpctest-helm-chart,424
2023-11-06 17:31:30,request_timer_sum,85,helm-chart,http,10.244.0.11:8080,gogrpctest-helm-chart,monitoring,gogrpctest-helm-chart-8568c96584-xxhrr,gogrpctest-helm-chart,467
2023-11-06 17:31:30,request_timer_sum,86,helm-chart,http,10.244.0.11:8080,gogrpctest-helm-chart,monitoring,gogrpctest-helm-chart-8568c96584-xxhrr,gogrpctest-helm-chart,437
2023-11-06 17:31:30,request_timer_sum,87,helm-chart,http,10.244.0.11:8080,gogrpctest-helm-chart,monitoring,gogrpctest-helm-chart-8568c96584-xxhrr,gogrpctest-helm-chart,447
2023-11-06 17:31:30,request_timer_sum,88,helm-chart,http,10.244.0.11:8080,gogrpctest-helm-chart,monitoring,gogrpctest-helm-chart-8568c96584-xxhrr,gogrpctest-helm-chart,429
2023-11-06 17:31:30,request_timer_sum,89,helm-chart,http,10.244.0.11:8080,gogrpctest-helm-chart,monitoring,gogrpctest-helm-chart-8568c96584-xxhrr,gogrpctest-helm-chart,457
2023-11-06 17:31:30,request_timer_sum,9,helm-chart,http,10.244.0.11:8080,gogrpctest-helm-chart,monitoring,gogrpctest-helm-chart-8568c96584-xxhrr,gogrpctest-helm-chart,473
2023-11-06 17:31:30,request_timer_sum,90,helm-chart,http,10.244.0.11:8080,gogrpctest-helm-chart,monitoring,gogrpctest-helm-chart-8568c96584-xxhrr,gogrpctest-helm-chart,442
2023-11-06 17:31:30,request_timer_sum,91,helm-chart,http,10.244.0.11:8080,gogrpctest-helm-chart,monitoring,gogrpctest-helm-chart-8568c96584-xxhrr,gogrpctest-helm-chart,487
2023-11-06 17:31:30,request_timer_sum,92,helm-chart,http,10.244.0.11:8080,gogrpctest-helm-chart,monitoring,gogrpctest-helm-chart-8568c96584-xxhrr,gogrpctest-helm-chart,436
2023-11-06 17:31:30,request_timer_sum,93,helm-chart,http,10.244.0.11:8080,gogrpctest-helm-chart,monitoring,gogrpctest-helm-chart-8568c96584-xxhrr,gogrpctest-helm-chart,472
2023-11-06 17:31:30,request_timer_sum,94,helm-chart,http,10.244.0.11:8080,gogrpctest-helm-chart,monitoring,gogrpctest-helm-chart-8568c96584-xxhrr,gogrpctest-helm-chart,448
2023-11-06 17:31:30,request_timer_sum,95,helm-chart,http,10.244.0.11:8080,gogrpctest-helm-chart,monitoring,gogrpctest-helm-chart-8568c96584-xxhrr,gogrpctest-helm-chart,442
2023-11-06 17:31:30,request_timer_sum,96,helm-chart,http,10.244.0.11:8080,gogrpctest-helm-chart,monitoring,gogrpctest-helm-chart-8568c96584-xxhrr,gogrpctest-helm-chart,455
2023-11-06 17:31:30,request_timer_sum,97,helm-chart,http,10.244.0.11:8080,gogrpctest-helm-chart,monitoring,gogrpctest-helm-chart-8568c96584-xxhrr,gogrpctest-helm-chart,481
2023-11-06 17:31:30,request_timer_sum,98,helm-chart,http,10.244.0.11:8080,gogrpctest-helm-chart,monitoring,gogrpctest-helm-chart-8568c96584-xxhrr,gogrpctest-helm-chart,518
2023-11-06 17:31:30,request_timer_sum,99,helm-chart,http,10.244.0.11:8080,gogrpctest-helm-chart,monitoring,gogrpctest-helm-chart-8568c96584-xxhrr,gogrpctest-helm-chart,425